[
  {
    "moduleId": "org.jetbrains.kotlinx:atomicfu:0.23.2",
    "file": "/Users/ibrahim/Desktop/quiz/.kotlin/metadata/kotlinTransformedCInteropMetadataLibraries/org.jetbrains.kotlinx-atomicfu-0.23.2-nativeMain-cinterop/org.jetbrains.kotlinx_atomicfu-cinterop-interop-yBS35w.klib",
    "sourceSetName": "nativeMain"
  },
  {
    "moduleId": "org.jetbrains.compose.ui:ui-uikit:1.7.0-rc01",
    "file": "/Users/ibrahim/Desktop/quiz/.kotlin/metadata/kotlinTransformedCInteropMetadataLibraries/org.jetbrains.compose.ui-ui-uikit-1.7.0-rc01-uikitMain-cinterop/org.jetbrains.compose.ui_ui-uikit-cinterop-utils-aNVDjg.klib",
    "sourceSetName": "uikitMain"
  }
]